{
  "kpis": {
    "total_customers": 10000,
    "churned_customers": 2037,
    "churn_rate": 0.2037,
    "retention_rate": 0.7963,
    "balance_at_risk": 185588094.63,
    "total_balance": 764858892.88,
    "balance_at_risk_share": 0.24264357302715864,
    "active_member_rate": 0.5151,
    "avg_products": 1.5302,
    "single_product_share": 0.5084,
    "avg_balance_churned": 91108.53933726068,
    "avg_balance_retained": 72745.2967788522
  },
  "baseline": 0.2037,
  "tables": {
    "Geography": {
      "Geography": [
        "France",
        "Germany",
        "Spain"
      ],
      "customers": [
        5014,
        2509,
        2477
      ],
      "churned": [
        810,
        814,
        413
      ],
      "churn_rate": [
        0.16154766653370561,
        0.32443204463929853,
        0.1667339523617279
      ],
      "balance": [
        311332479.49,
        300402861.38,
        153123552.01
      ],
      "lift_vs_avg": [
        0.7930666005582013,
        1.5926953590539938,
        0.8185270120850657
      ]
    },
    "Gender": {
      "Gender": [
        "Female",
        "Male"
      ],
      "customers": [
        4543,
        5457
      ],
      "churned": [
        1139,
        898
      ],
      "churn_rate": [
        0.2507153863086066,
        0.16455928165658787
      ],
      "balance": [
        343720514.0,
        421138378.88
      ],
      "lift_vs_avg": [
        1.2308070020059236,
        0.8078511617898275
      ]
    },
    "AgeGroup": {
      "AgeGroup": [
        "18\u201330",
        "31\u201340",
        "41\u201350",
        "51\u201360",
        "60+"
      ],
      "customers": [
        1968,
        4452,
        2319,
        797,
        464
      ],
      "churned": [
        148,
        538,
        788,
        448,
        115
      ],
      "churn_rate": [
        0.07520325203252033,
        0.12084456424079065,
        0.3398016386373437,
        0.562107904642409,
        0.2478448275862069
      ],
      "balance": [
        144055167.65,
        336562895.56,
        183422139.4,
        65674125.54,
        35144564.73
      ],
      "lift_vs_avg": [
        0.36918631336534286,
        0.5932477380500277,
        1.6681474650826889,
        2.759488977135047,
        1.2167149120579623
      ]
    },
    "NumOfProducts": {
      "ProductGroup": [
        "1",
        "2",
        "3",
        "4"
      ],
      "customers": [
        5084,
        4590,
        266,
        60
      ],
      "churned": [
        1409,
        348,
        220,
        60
      ],
      "churn_rate": [
        0.27714398111723054,
        0.07581699346405228,
        0.8270676691729323,
        1.0
      ],
      "balance": [
        501037710.2,
        238125279.28,
        20071915.3,
        5623988.1
      ],
      "lift_vs_avg": [
        1.3605497354797769,
        0.3721992806286317,
        4.060224198197998,
        4.909180166912126
      ]
    },
    "IsActiveMember": {
      "IsActiveMember": [
        0,
        1
      ],
      "customers": [
        4849,
        5151
      ],
      "churned": [
        1302,
        735
      ],
      "churn_rate": [
        0.26850897092183956,
        0.14269073966220153
      ],
      "balance": [
        374024593.41,
        390834299.47
      ],
      "lift_vs_avg": [
        1.3181589146874795,
        0.7004945491517012
      ],
      "lbl": [
        "Inactive",
        "Active"
      ]
    },
    "BalanceBand": {
      "BalanceBand": [
        "Zero",
        "\u20ac0\u201350k",
        "\u20ac50\u2013100k",
        "\u20ac100\u2013150k",
        "\u20ac150k+"
      ],
      "customers": [
        3617,
        75,
        1509,
        3830,
        969
      ],
      "churned": [
        500,
        26,
        300,
        987,
        224
      ],
      "churn_rate": [
        0.13823610727121924,
        0.3466666666666667,
        0.1988071570576541,
        0.2577023498694517,
        0.23116615067079463
      ],
      "balance": [
        0.0,
        2958564.9,
        126555466.6,
        473746989.74,
        161597871.64
      ],
      "lift_vs_avg": [
        0.6786259561670066,
        1.701849124529537,
        0.9759801524676195,
        1.2651072649457618,
        1.1348362821344853
      ]
    },
    "TenureGroup": {
      "TenureGroup": [
        "0\u20132",
        "3\u20135",
        "6\u20138",
        "9\u201310"
      ],
      "customers": [
        2496,
        3010,
        3020,
        1474
      ],
      "churned": [
        528,
        625,
        570,
        314
      ],
      "churn_rate": [
        0.21153846153846154,
        0.20764119601328904,
        0.18874172185430463,
        0.2130257801899593
      ],
      "balance": [
        194822741.3,
        228973425.38,
        229500705.93,
        111562020.27
      ],
      "lift_vs_avg": [
        1.038480419923719,
        1.0193480413023517,
        0.9265671175959972,
        1.04578193514953
      ]
    },
    "CreditBand": {
      "CreditBand": [
        "Poor (<580)",
        "Fair (580\u2013669)",
        "Good (670\u2013739)",
        "Excellent (740+)"
      ],
      "customers": [
        2393,
        3350,
        2397,
        1860
      ],
      "churned": [
        530,
        683,
        451,
        373
      ],
      "churn_rate": [
        0.22147931466778104,
        0.20388059701492536,
        0.18815185648727575,
        0.20053763440860214
      ],
      "balance": [
        182496951.59,
        256771438.48,
        179476108.0,
        146114394.81
      ],
      "lift_vs_avg": [
        1.0872818589483606,
        1.0008865832838751,
        0.9236713622350308,
        0.9844753775581844
      ]
    },
    "HasCrCard": {
      "HasCrCard": [
        0,
        1
      ],
      "customers": [
        2945,
        7055
      ],
      "churned": [
        613,
        1424
      ],
      "churn_rate": [
        0.20814940577249574,
        0.20184266477675408
      ],
      "balance": [
        229476719.34,
        535382173.54
      ],
      "lift_vs_avg": [
        1.0218429345728806,
        0.9908820067587338
      ]
    }
  },
  "germany": {
    "churn": 0.32443204463929853,
    "avg_balance": 119730.1161339179
  },
  "corr": {
    "Age": 0.2853,
    "Balance": 0.1185,
    "NumOfProducts": -0.0478,
    "IsActiveMember": -0.1561,
    "CreditScore": -0.0271,
    "Tenure": -0.014,
    "HasCrCard": -0.0071,
    "EstimatedSalary": 0.0142
  }
}